Year,Afghanistan,Angola,Albania,Argentina,Armenia,Australia,Austria,Azerbaijan,Burundi,Belgium,Benin,Burkina Faso,Bangladesh,Bulgaria,Bahrain,Bosnia and Herzegovina,Belarus,Belize,Bolivia,Brazil,Brunei Darussalam,Botswana,Central African Republic,Canada,Switzerland,Chile,China,Cote d'Ivoire,Cameroon,"Congo, Dem. Rep.","Congo, Rep.",Colombia,Cabo Verde,Cuba,Cyprus,Czech Republic,Germany,Djibouti,Denmark,Dominican Republic,Algeria,Ecuador,Egypt,Eritrea,Spain,Estonia,Ethiopia,Finland,Fiji,France,Gabon,United Kingdom,Georgia,Ghana,Guinea,Gambia,Guinea-Bissau,Equatorial Guinea,Greece,Guatemala,Guyana,Honduras,Croatia,Haiti,Hungary,Indonesia,India,Ireland,Iran,Iraq,Israel,Italy,Jamaica,Jordan,Japan,Kazakhstan,Kenya,Kyrgyz Republic,Cambodia,South Korea,Kuwait,Lao PDR,Lebanon,Liberia,Libya,Sri Lanka,Lesotho,Lithuania,Luxembourg,Latvia,Morocco,Moldova,Madagascar,Mexico,Mali,Malta,Myanmar,Montenegro,Mongolia,Mozambique,Mauritania,Mauritius,Malawi,Malaysia,Namibia,Niger,Nigeria,Nicaragua,Netherlands,Norway,Nepal,New Zealand,Oman,Pakistan,Panama,Peru,Philippines,Papua New Guinea,Poland,Portugal,Paraguay,Qatar,Romania,Rwanda,Saudi Arabia,Sudan,Senegal,Singapore,Sierra Leone,El Salvador,Somalia,Serbia,South Sudan,Slovak Republic,Slovenia,Sweden,Eswatini,Seychelles,Syrian Arab Republic,Chad,Togo,Thailand,Tajikistan,Turkmenistan,Timor-Leste,Trinidad and Tobago,Tunisia,Turkey,Tanzania,Uganda,Ukraine,Uruguay,United States,Uzbekistan,Venezuela,Vietnam,"Yemen, Rep.",South Africa,Zambia,Zimbabwe
1960,,,,,,459760073.6,91559097.96,,,383220247.4,1301005.322,1268378.23,,,,,,,,382729752.1,,,,1702442711,200093758.2,126791042.6,,,,,,75960813.87,,,,,2884517772,,161137605.4,38300000,,22400000,,,232839815.9,,15335262.65,89557618.81,,3881219690,,4587798165,,20821777.35,,,,,170327798.1,12084076.43,,3920000,,,,,681765681.8,25800590.11,98679867.99,118726952.5,190277777.8,1009308856,,56139977.54,480555555.6,,,,,275643564.4,,,22906905.2,,5571997.771,16653016.65,,,5260312.876,,41596762.37,,1604193.589,84000000,,,89512589.51,,,,,,,51286741.89,,,23379990.65,,454719432.1,148119940.8,,101219676.1,,208845208.8,,49085687.49,123821340,,3550000000,105157457.3,7088541.594,,740833333.3,,140888888.9,18667432.51,,,,4384473.695,,,,,,526848900.4,,,90223463.69,,,62825161.22,,,,,15952380.95,468810916.2,,,,,45380000000,,234357740.4,,,69999972,,
1961,,,,,,470960075.4,91029854.62,,,391218827.4,2173203.947,1643154.204,,,,,,,4935417.964,342339720.8,,,,1677820881,237368366.9,160930923.5,,,,,,97313432.84,,,,,3266495653,,170837712.9,36300000,,18700000,,,239348772.1,,18555265.31,105350974.8,,4131003787,,4747398101,,27454210.3,,,,,167762365.8,12084076.43,,3830000,,,,,748388248.4,27564733.02,105940594.1,125481949.8,241805555.6,1062907313,,55509977.8,492361111.1,,,,,157061350.1,,,27837147.81,,7167997.133,17083517.08,,,5800866.499,,48275957.47,,8482781.25,86400000,3922368.099,,85617085.62,,,,,,,42466728.95,,,28279988.69,,551530519.8,165059934,,96678751.22,,210105210.1,,63020431.3,128712871.3,,4025000000,171194666.8,7187461.316,,794666666.7,,71555555.56,20505456.63,,,1930599.228,4441787.077,3160000,,,,,564736401.6,,,90223463.69,,326999.9185,58741404.86,,,,,18571428.57,301330376.9,,,,,47808000000,,114632682.9,,,113749954.5,,
1962,,,,305162407.2,,489440078.3,100026991.4,,8420000,422220787.9,2734537.618,4901760.716,,,,,,,5195618.571,387449035.5,,,,1671313753,273728261.2,162626224.4,,8766845.976,,,,153596253.4,,,,,4308248214,,224550248,38000000,,18300000,249697766.8,,308791693.5,,20185391.65,154403280.6,,4493323590,,5005697998,,27944464.05,,,,,170034222.7,11954140.13,,3830000,,,,,1065436065,29163487.53,109900990.1,135064946,210604174.5,1222013656,,60409975.84,538194444.4,,,,,186153846.2,,,40876824.5,,16687993.32,15849765.85,,,7099970.149,,53848540.36,,9179552.203,99200000,4342608.994,,90704340.7,,,,,,,43773397.53,,,38639984.54,,603866851.7,191939923.2,,96323106.14,,200340200.3,,66368381.8,82889601.24,,4375000000,199785222.2,8276810.921,,902000000,,84222222.22,24842044.8,,,1983799.206,6218501.908,3700000,,,,,636258725.2,,,149593495.9,,714244.9003,80303734.18,,,,,14285714.29,330376940.1,,727985.4403,,,52381000000,,203900682.8,,,186199925.5,,
1963,,,,242219771.2,,553280088.5,125959915.1,,1012000,444601321.5,2963071.799,5281287.753,,,,,,,6404292.358,441999606.2,,,,1610091701,294995369.3,152917455.4,,8064779.443,,58217821.78,,170000000,,,,,4981004024,,239028020.3,39000000,66436300.15,17100000,335799697.8,,316520311.1,,27289522.51,128576498.4,,4628060852,,5196797921,,31096095.34,,,,,179495712.8,14812738.85,,3820000,,,,,1795449295,30210947.39,128712871.3,163218934.7,259250864.2,1463283724,,61879975.25,629861111.1,,1861999.255,,,185384615.4,,,33900603.43,,18675992.53,13917763.92,,,6962653.392,,74893933.2,,8956747.538,112000000,4375224.475,,100322350.3,,,,,,,60760089.11,,,45499981.8,,637373073.3,205099918,,100042547.6,,219660219.7,,97315436.24,94235401.82,,4950000000,199087891.6,9208934.811,,904833333.3,,113777777.8,28144744.4,,,2155999.138,6103875.145,4480000,,,,,697922566.5,,,,,1134619.78,85501269.8,,,,,15238095.24,350000000,,2729945.401,,,52295000000,,245397307.8,,,188999924.4,,
1964,,,,245740498,,655760104.9,164594679,,1162000,497059226.9,3803662.454,5358593.135,,,,,,,,354227857.1,,,,1657457283,329525835,149950377.7,,11190603.48,,49818181.82,,190000000,,,,,4888248899,,255387903,42500000,99856999.91,20600000,448499596.4,,386820000.7,,36140000,139910553.9,,4917956554,,5508997796,,33302237.24,,,,,188207553.1,12993630.57,,5850000,,,,,1986654487,36054670.79,155445544.6,185198925.9,278584261.9,1586666708,,61879975.25,718055555.6,,5879997.648,,,137481470.4,,,38065368.32,,21475991.41,13938763.94,,,9278159.213,,69993222,,9455019.789,120000000,5174939.905,,97912597.91,,,,,,,84606790.76,,,54319978.27,,735383641.4,219799912.1,,123402030.6,,257880257.9,,120432513,93605898.71,,5200000000,224400993,9815376.859,,949166666.7,,123555555.6,41872487.08,,,2353399.059,5724173.991,5420000,,,,,758619889.8,,,112041884.8,,3383300.616,87235576.92,,,,,17478991.6,380897803.7,,5487890.242,,,51213000000,,200459770.1,,,271599891.4,,
1965,,,,252407602.9,,787360126,142895702,,2153481.481,500722082.8,3994923.713,3509330.33,,,,,,,,632869026.5,,,,1574704540,343475228.4,168215772.4,,12902909.89,,78909090.91,,185202864,,,,,4978559240,,285791224.7,40200000,105528391.4,23800000,515199536.3,,439425746,,42900000,149572371.7,,5124506743,,5791097684,,35578415.39,10492201.74,,,,209674799.6,18580891.72,,6250000,,,,,2125989626,39086791.42,200000000,225742909.7,313917713.1,1719942315,,62929974.83,821388888.9,,9897996.041,,,132131636.1,,,44598531.83,2700000,29119988.35,14474264.47,,,9520198.149,,63175700.38,,10710827.9,119200000,4647822.379,,107241857.2,,,,,,1771001.771,118580173.9,,,65939973.62,,749993912.4,265579893.8,,126982427.6,,439635439.6,,132736763.6,93114395.13,,5525000000,232350562,11679624.64,,1034000000,,177777777.8,56375646.18,,,2505998.998,6483576.298,5170000,,,,,844543330,,,118062827.2,,3362428.13,94266826.92,,,,,12761904.76,422676991.2,,10737785.24,,,51827000000,,227272727.3,,,289449884.2,,15600000
1966,,,,279225436.3,,986720157.9,167770139,,2286857.143,563377895.4,3724387.206,3907553.79,,,,,,,,718216574.6,,,,1614422827,378234372.7,186697964.8,,13269401.41,,78363636.36,,172592592.6,,,,,5063637742,,301137663.3,37200000,104515642.9,22900000,481849566.3,,560943076.5,,43420000,152916847.1,,5414601741,,5984997606,,47344505.52,13895077.98,,,,238979294.9,19100636.94,,6500000,,,,,1661154906,38314978.9,256105610.6,234996906,375501251.7,1904604599,,76089969.56,932430555.6,,13047994.78,,,176901786.3,,,51425377.31,2800000,58519976.59,15282765.28,,,9923596.376,,67938085.05,,11342782.95,130400000,4636149.757,,105456855.5,,,,,,1848001.848,148633551.3,,,55719977.71,,770691796.3,272579891,,148221481.3,,549675549.7,,145041014.2,109615384.6,,5975000000,257175532.1,13588794.05,,1076000000,,300444444.4,50315910.4,,,2539598.984,6591038.889,6500000,,,,,906980385.5,,,102356020.9,,2889961.657,105540865.4,,,,,13714285.71,442035398.2,,14265714.69,,,63572000000,,238636363.6,,,324449870.2,,16950000
1967,,,,251930719.1,,1197840192,176767275.8,,2376000,607918707.2,3910553.209,3695106.93,,,,,,,,746139163.6,,,,1775500366,383265301.5,182705341.3,,14711322.31,,45907648.68,,178541885,,,,,5352122317,,323292901.4,35800000,99249350.83,25300000,508299542.5,,545917155.9,,37000000,146661680.3,,5856108417,3008117.853,6200583812,,,,,,,313035616.3,21179617.83,,6800000,,,,,1487733333,39693241.93,331023102.3,234541906.2,605514168.1,1928786564,,104719958.1,1039027778,,15987993.6,,,218100895.7,,35544791.67,57730955.03,3050000,79519968.19,15711432.16,,,8229323.824,,70348918.78,,12112471.79,133600000,5081280.157,,102039102,,,,,,2133370.892,143406877,,,239959904,,883921396.7,293579882.6,,149591230.9,,478275478.3,,243980653.5,129487179.5,,6275000000,333045103.3,14936443.05,,1123833333,,336222222.2,52268811.03,,,2883153.573,6777307.379,7530000,,,,,921961412.7,,,118586387.4,,3105678.432,126346153.8,,,,,15428571.43,508407079.6,14629994.15,16841663.17,,,75448000000,,270454545.5,,,373099850.8,,19000000
1968,,,,337142857.1,,1321600211,182059709.2,,2590857.143,646381114.5,4293821.825,3760628.522,,,,,,,11583123.79,755307566.7,,,,1797265817,373889479.6,173781024.3,,15305071.4,,50479041.92,,141184847.8,,,,,4827481334,,345466666.7,37300000,99249350.83,29300000,648599416.3,,668753624.8,,34660000,150060024,,6129940876,2989113.97,5563195549,,44271216.36,14178651,,,,366771882.7,20400000,,7050000,,,150166666.7,,1586866667,37141485.43,437293729.4,291437883.4,690001971.4,1991165044,,127749948.9,1168194444,,16365993.45,,,278696524.4,,35461875,65572316.45,3050000,95479961.81,14305226.32,,,7479003.122,,90900288.31,,13044200.39,148800000,5251146.164,,104590604.6,,,,,270900.2709,1881000.752,148306884.2,,,369039852.4,6891062.971,905836803.3,321999871.2,,135520021.7,,492555492.6,,113178294.6,153846153.8,,7225000000,371893392.1,16621004.29,,1255833333,,338666666.7,57725445.15,,,2658001.063,6619695.579,8340000,,,,,941001815.1,,,190052356,,3288025.367,154639423.1,,,,5087500,17523809.52,570685840.7,16239993.5,19942601.15,,,80732000000,,272727272.7,,,399699840.1,,30600000
1969,,,,442857142.9,,1314880210,193173819.4,,3337142.857,675078864.4,4015987.013,4023680.475,,,,,,,12254609.23,816622811,,,,1770108751,409105981.1,179980922.7,,16156269.59,,72455089.82,,131638962.8,,,,,5471706536,,352000000,35600000,99249350.83,39700000,888949199.9,,805713226.3,,34420000,140291965.8,,5909705121,4350652.598,5544595564,,49026817.67,14705286.61,,,,425403589.9,17600000,,7200000,,,173333333.3,,1691433333,41630596.27,566006600.7,375997849.6,872002491.4,2003805617,,125859949.7,1335416667,,15749993.7,,,347028223.8,,36133958.33,65138973.39,3050000,143079942.8,15863429.19,,,7817857.633,,84972008.64,,13014516.19,180000000,5673928.012,,114418614.4,,,,,336600.3366,1959000.784,143733544.1,,,684459726.2,6988120.196,1017240120,350279859.9,,147560023.6,,552720552.7,,128940568.5,189230769.2,,7975000000,374919807,17856349.21,,1380000000,,429333333.3,87018954.62,,,3297601.319,7508052.995,9000000,,,,,1017260076,,,194502617.8,,3435130.654,184903846.2,,,,5262500,16952380.95,596792035.4,20089991.96,22861542.77,,,81443000000,,263636363.6,,,425599829.8,,42350000
1970,2939585.501,,,445713893.9,,1277360204,199524739.5,,,747755088.9,4099087.202,4185916.94,,,,,,,16787135.93,1026234374,,,,1889157918,436090053.6,388383950.3,,17727738.12,20339866.07,102395209.6,13100436.68,162662459.1,,,,,6167271406,,395600000,35900000,98844251.44,30700000,1092499017,,859146961.8,,34540000,152891345.2,413396.8127,5882387677,4638155.158,6074395140,,46918664.51,15069880.49,,,,473596990.5,32300000,,9900000,,,223333333.3,,1832966667,50986848.32,620132013.2,401050839.6,1259646456,2216771793,,109759956.1,1575347222,,17023993.19,,,386403740.4,68739972.5,38045833.33,64546127.54,3550000,242479903,21042038.72,,,8310003.469,,88924195.09,,12134982.78,176800000,6150439.756,,122781872.8,,,,,414000.414,2055000.822,199593626.1,,,662339735.1,8346921.345,1079942533,388359844.7,5185185.185,171920027.5,,635250635.3,,218087855.3,155055171.2,,8525000000,436103595.4,19316666.67,,1542000000,,471555555.6,108271108.6,,103635152,3986401.595,7135516.014,11200000,,,,,1118164544,,,199738219.9,,3650466.891,217223557.7,,,,6200000,22476190.48,564858542.6,29539988.18,26627467.45,,,79846000000,,272727272.7,,,417899832.8,,45950000
1971,,,,519719484.2,,1331754789,209277606.7,,2628571.429,828721558.4,4285361.496,4343468.092,,,11583922.36,,,,15863843.46,1075071453,,,,2077659711,511387689.4,651589862.9,,23968971.08,21501256.56,101796407.2,13749473.41,263898574.6,,,,,7255896950,,430225386.9,36600000,99946261.07,29700000,1266148860,,900614349.2,,36134238.09,177615098.1,535616.7685,6300175574,5498336.699,6723936533,,41139332.3,26327764.42,,,,515997642,22200000,,11400000,,,225670995.1,,2255256983,63486922.17,402310231,426263340.2,1270657787,2648079366,,108639956.5,1896540416,,22077991.17,,,460899849.3,73434840.97,39061458.33,66920095.55,4050000,243035871.6,32258064.52,,,9047009.782,,111288010.2,,12755677.36,191200000,6323435.839,,127758749.5,,,,,473954.3837,2343860.95,228027756.5,,,639259541.9,8443978.57,1249389090,428293444.8,5891358.025,180841169.8,29065079.3,739410739.4,,247286821.7,161310133.7,,9452062887,518294924.4,20750000,,1618333333,,587274311.7,109994256.2,,128085357.5,3770637.41,8516583.63,11400000,,,,,1238804427,,,176963350.8,,4183674.952,262656250,,,,8620776.959,24860541.92,570873159.5,42559982.98,52687946.24,,,74862000000,,352272727.3,,,485866527.2,,49850000
1972,,,,766000000,,1484443745,249425547.4,,3600000,1026588091,4904216.992,4947862.936,,,12539956.86,,,,20700640.94,1195501488,,,,2233737031,601426981.7,745661188.8,,31742504.8,24894059.39,94011976.05,12744615.68,170587589.6,,,,,9006765501,,487244020.6,39500000,109942841.3,37300000,1066049041,,1256164586,,41043478.26,220831905.3,787703.1062,7531246912,6673861.634,7860461050,,30202525.76,31711404.23,,,,573692101.5,24000000,,15449922.75,,,231632283.7,,2497244706,84039646.65,371947194.7,466113288.1,1461373750,3289362465,,129359948.3,2567519428,,29735988.11,,,531950093.4,90743549.91,20254568.13,106204437,4050000,202768227.1,30283133.9,,,11731387.88,,140446991.6,,16129256.25,242400000,8332407.51,,117181275.2,,,,,543220.6993,2697870.896,251103009,,,904095638.4,10967466.42,1522236183,491632831.2,6503703.704,206172013.2,54524419.38,478207381.8,,276485788.1,196259386,,10054347826,593121489.2,28851587.3,,1824593128,,930574823.6,107983917.3,,150044444.4,4234610.668,11140612.1,13200000,,,,,1458082236,,,260209424.1,,5126414.525,284086538.5,,,,9121523.151,31650677.14,703957597.2,53689677.86,64944701.11,,51429281.91,77639000000,,404651162.8,,,492386546.2,,58450000
1973,3341271.551,,,1294000000,,1855729307,328898821.4,,5923067.599,1296519775,6698401.446,6079259.183,48606800.13,,16765508.09,,,,21129139.97,1512670977,,,,2363060955,764969998.4,1005919720,,28713844.11,31636823.71,102395209.6,19426710.16,173879934,,,,,11938703823,,581866269.9,42000000,136757097.8,49200000,1243856105,,1521319435,,48433591.42,276967793.9,931727.0694,9496156577,9421730.099,8448664898,,41052242.84,36058910.7,,,,674802452.2,23400000,5032808.212,15950000,,,263447030.8,,2529921054,98307831.83,480857166.9,665185289,2574504910,3638240139,,150652370.4,3374561100,,37319917.16,,,544785374.6,136560430.5,21220297.97,103815507.2,3750000,298307480,25146427.18,,,15421205.92,,185783993.8,,20346496.12,300800000,10974072.3,,152452317.5,,,,,643113.9947,4711557.475,296726189.3,,,1020223592,10433752.95,1917119276,607891665.2,7152747.935,246331493,89826506.52,477624634.2,,364341085.3,301201252.8,,12059701493,682681692.2,30915873.02,,545381021.8,9365839.708,1565589936,113153360.1,,198891497.8,5022404.825,12475644.13,16100000,,,,,1702215353,,,388674557,,6873376.434,312408499.1,,,,8944886.23,38188218.1,861625441.7,77916010.24,64872640.27,,112465598.2,78358000000,,420930232.6,,,752926325.6,,86900000
1974,3581366.351,,,1626000000,,2127274763,422543505.8,,7682539.683,1482318436,6447726.47,6269084.564,72298235.04,,26346455.9,,,,39766636.07,1790114213,,,,2809465529,888478644,1103190481,,41129183.02,34625371.31,189221556.9,24137429.63,194904101.8,,,,,13773713249,,732087483,57600000,260168630,74800000,1852779425,,1968178718,,74758454.11,308807797.1,1353022.08,9954624929,10494173.37,9346449845,,64121526.39,,,,,1049955703,28400000,11136757.59,16900000,,,308005578.3,698192771.1,2895415720,111205418.9,3877862663,1427457784,3475602770,3890003394,,163307378,3962157887,,46763683.97,,,852963864,384614072.6,,179142179.6,4550000,431682379,28417847.61,,,18227348.89,,241889161.2,,25882465.36,407200000,11632496.21,,159999341.9,,,,,789047.3218,5304902.622,397163356.3,,,1351141235,14995341.25,2285358296,710867536.4,8446969.697,291444123.1,255573248.4,609191919.2,,454780361.8,521518532.3,,13162650602,988203732.2,31434126.98,,565500000,7786746.398,,111430212.5,,225904541.5,6779970.098,13350320.28,21400000,,,,,1855084673,,,537380924.3,,8097048.254,363887784.6,,,,8584035.885,46505447.78,1136704698,120044738.2,80157512.31,,187557473.6,85906000000,,602325581.4,,,1102318401,,118550000
1975,4203664.569,,,798359535.2,,2268707674,546724394,,8533333.333,1927662478,7857666.124,18062366.73,80830559.47,,16434892.54,,,,58304466.42,2141126693,,,,3180915490,1032046117,486720076.9,,45886157.16,46770377.91,173652694.6,33493068.55,227942151.2,,,,,15278274626,,931928334.6,65900000,332252159.2,102000000,1926890602,,2108232941,,125072463.8,433161415.7,2056253.749,13030408263,16844521.8,11543753775,,78825105.71,,,,,1433217345,44900000,32436379.69,21400000,,,366147086.5,1063855422,3323646801,154362392.7,5951043742,1590171817,3758315381,4217069829,,180742482.6,4534902135,,54090933.23,,,1030991736,,,165944100.3,5500000,287788252.7,30478781.02,,,22704189.64,,413326127.9,,30189630.07,504800000,19130897.33,,138923723.2,,,,,1086812.239,9362342.027,440725547,,7330399.929,3028584797,18537929.96,2814545011,912771143.3,10529138.04,292259947.4,523306311.5,771161616.2,,710909865.5,,7933048.215,14337349398,778693990.9,43488888.89,,635500000,9319735.189,,119471568.1,,269156159.1,6526389.844,15652099.64,23100000,,,,,2232315959,,,887837837.8,,11114584.74,416034898.2,,,,10703751.5,75323106.3,2284986255,138323476,86567896.18,,156541418.6,88400000000,,711627907,,,1431695127,,148600000
1976,5393251.216,,,2050248959,,2441084025,581408727.3,,9971014.493,2109619988,7160493.827,19531282.7,105287729.1,,26289247.45,,,,66776055.56,2576476982,,,,3581805735,1228176857,599806958.7,,52462858.34,48470391.3,120795356,34337727.56,229146910.6,,,,,15457151068,,945240876,76200000,480640373.5,117000000,2201613068,,2521013875,,128043478.3,416956433.4,2751430.02,13304260893,20117179.33,10766652890,,88961005.06,,,,,1559887280,55500000,34000000,23700000,,,382438611.4,1275301205,3294910612,152839849.3,7186307294,1761176240,3648665017,3844185965,27445027.45,294593397.9,5008396504,,75910048.12,,,1708677686,,,173074847,6400000,326295131.6,23669757.49,2291375.573,,25496422.66,,577239433.3,,33040454.15,531576968.5,21761874.87,,155142207.5,,,,,1317065.578,9205803.654,439885582.5,,8181627.956,2644426038,25234878.48,2898055461,977362861.3,11876000,271671526.2,589099594.7,833181818.2,,778394355.4,714759968.1,21985174.2,15572289157,623403324,46757936.51,,691500000,10297663.29,,179207352.1,,306272360.8,6020631.897,20531871.89,26300000,,,,,2345444903,,,945058881.2,,14233103.16,531909157.3,,,,12613977.4,83960118.94,2534775215,136687529.9,101074621,,133232399.7,91013000000,,593023255.8,,,1677275419,,199800000
1977,6127288.063,,,2058223942,,2500485127,686893244.3,,13955555.56,2496513862,10147346.14,22903777.27,128522908.8,,40439782.64,,,,73254329.6,2499644658,,5650505.962,,3752174526,1226534416,924042756.7,,51449039.4,55167290.78,161471103.3,36633018.56,280082338.8,,,,,17304663483,,1063101451,86500000,471669448,205000000,2751058001,,2808847050,,135048309.2,461856960.1,3651464.946,15041676195,28927873.66,11583506608,,121717795.7,,,,,1838775321,75200000,24274509.8,31800000,,,419914698.7,1468674699,3477080945,171725706,7617207960,2007693506,3180556220,4556493518,30580030.58,262704735.1,6157312577,,147766705,,,2237603306,748518665.9,,126427193.6,7750000,479647087.8,28081232.26,2780125.695,,28710697.24,,731455472,,43959890.67,437692985.8,26050146.53,,169293678.2,,,39135467.92,,1422666.713,13625117.4,637879477.3,,11010257.25,3138198948,35231772.65,3704801157,1114680192,13208000,307431743.8,514837869.1,913585858.6,,1031640130,754442226.1,22276752.32,17379518072,576875736.5,55486507.94,,717000000,16062942.55,11584767351,216538485.8,,380523899.3,7064980.375,28588099.64,31700000,,,,,2560335056,5390626.348,,998216560.5,,21108759.36,688722114.1,,,,15364583.33,121692505,2765773072,190729876.6,131916696.9,,160545078.5,1.01E+11,,748837209.3,,,2073738018,,285350000
1978,,343271609.1,,3103989947,,2816316206,877450655.2,,17033333.33,3166647025,8552841.493,32372283.48,134871031.7,,116143119.3,,,,97672439.47,2690623102,,14305862.29,,3969158477,1668885136,1036145035,,86764810.15,71436168.33,214951896,37960435.35,360663621.1,,,,,21416956348,45014.37647,1322665932,103000000,627852442.1,164000000,2485279987,,3470695273,,178212560.4,506869453,7239265.398,18873052740,,14217505105,,101354226.4,85228280.98,,,,2118929495,71700000,17333333.33,43100000,,,538098139.6,1627662342,3975819130,217465500,8113739881,1986021658,3117508058,5540992658,,304948875.3,8657135933,,239475870,,,3190082645,738039577.8,,252760229.7,8900000,729941800.6,21946485.42,4013501.003,,36648101.37,,772559382,,52181427.4,518287192.6,31020668.63,,183429289.3,,,76333333.33,,1752316.546,25570521.9,607070689.6,,14774701.32,3022642270,44549266.25,4226968876,1307453860,14867263.94,388573502.3,574334105.4,1031868687,,665178542.9,622746329,27421800.61,10292598967,622564542.5,69522222.22,,834413568.5,14393007.32,13404087588,175916407.9,,418861751.4,8118123.472,34987046.26,81400000,,,,,2873317738,8259877.065,,1213503185,,22733718.58,942007071.2,,,,18312500,148496651.6,2727882976,421677764,151699852.8,,185943655.8,1.09E+11,,827906976.7,,,2067988017,,347750000
1979,,504712881.9,,5057062803,,3100685079,1049972515,,20000000,3631580468,17562828.48,32032417.9,136251932.9,,157225700.1,,,,119737096.1,2829161200,,24355619.03,,4084145738,1945005774,1312899709,,102735025.1,88354754.09,190944707.6,52566260.19,467687274.7,,,,,24777567445,45014.37647,1529188589,120000000,711681247.4,186000000,1152855496,,4910953932,,276328502.4,642602892.8,9572320.678,22667912461,56881751.77,18373780394,,66362988.08,71021091.75,,,,2424261939,90200000,17176470.59,49550000,,,621170386.2,1552431166,4589738352,290141008.5,4993779939,2371712821,3394518704,6904107163,,399556492.3,9173587661,,291024720,,,3543388430,881077990.8,,346311001.5,9400000,853569148.6,28073183.58,5370993.429,,42364311.06,,896353802,,81891303.63,679663588.4,36197478.4,,190866354.1,,,78000000,,2480933.275,43029681.3,778636837.2,,17482911.97,3070825338,32278195,5038015817,1453771374,17300000,436892310.9,584105385.1,1181818182,,520650234.3,874273979.8,30150739.65,1936746988,701973945.7,63530158.73,,860000000,19633017.15,17616726771,239999813.6,94390801.14,452160437.1,10785547.37,54644241.99,87700000,,,,,3368143352,10183559.48,,1581656051,,22498848.26,1199048431,,,,27218750,160900650,3001142306,375458521.9,206806783,,279396248.9,1.22E+11,,925581395.3,,,2160867340,,441150000
1980,,497359449.2,,6477389013,,3657867290,1152895906,,27763333.33,3958575327,23617947.75,35360658.84,167255351.2,,175066313,,,,159008134.9,2259307479,,31844060.6,,4744402251,1996765550,1787179487,,118473116.2,99867474.44,152183675,57416698.22,611248236.6,,,,,26692620067,1817455.45,1617653843,105000000,890174464.8,209000000,1361426627,,5508356433,,359323671.5,873508619.5,10367191.75,26427190947,68629307.08,25363413472,,120610364.9,60309243.02,,,,2275580289,103760000,21882352.94,57000000,,,740802218.1,2114454046,5420809519,362511166.6,4874889400,2976492818,4120814786,7915696626,,416212133.9,9711741591,,271691156.2,,,3980692489,950805965.3,,503476314.8,12750000,1074139253,30811520.22,11639193.97,,52422325.29,,1117955622,,90402004.94,810422203.8,38337750.85,,202083467.2,,,92283380.97,,5537271.498,53134112.22,1035886222,,17039000.38,3029915085,47159888.99,5269306825,1668684529,20083333.33,676939260.5,883757961.8,1429292929,,948572813.3,879326573,38795968.68,1506218239,867810131,89326190.48,616740088.1,755555555.6,23552267.56,20724493047,228000000,96502271.87,560080515.2,15907791.96,62055971.53,95500000,,,,,3791756609,13135761.89,,2253248408,,24763347.22,1373227227,,,,36927083.33,194096119.6,2671976286,232291721.3,398813536.5,,477266464.6,1.38E+11,,1002325581,,,2661671165,,442750000
1981,,618891637.1,,5882767126,,4323644157,969372327.1,,29995555.56,3385176171,17186114.21,33915894.76,174106138.7,,239361702.1,,,2079250,238715537.6,2517859757,,31162681.75,,5141128191,1810878508,2292307692,,92002752.72,120247597.8,71671583.96,63535260.98,638643433.3,,,,,23094364442,5351084.002,1446085210,125000000,806569334.6,234000000,1817140261,,4977748533,,366980676.3,790880895.3,11361681.76,23867080426,88322642.61,24100707136,,195559792.2,52510728.9,,,,2578400684,162640000,22400000,60500000,,,757701599.6,2654105930,5879007036,327043451.1,8121567621,4086497762,4700103232,7387713298,44922028.49,438818156.8,10851176225,,241171594.4,,,4463839960,1042021630,,373214770,26350000,557334522.3,27684625.66,12392766.95,,46185938.88,,975581462.8,,86482746.69,1284948561,31648946.94,,205288116.6,,,99294190.87,,5332041.26,38506688.83,1446539243,,13984418.41,2135475014,71927312.7,4527100427,1649618173,21959582.69,660354444.4,1133468442,1737373737,,994511245.1,982322001.6,38248532.25,1567860808,843539896.8,131942063.5,1059505495,915333333.3,28682783.33,24399927864,203987417.2,86843238.35,681003838.7,15788111.47,78352569.4,134000000,,,,,3490216138,12379584.3,,2437707006,,22525953.98,1415853972,,,,35166666.67,228835732.4,2814869761,331019097,108146878.4,,709699535.8,1.70E+11,,1009302326,,,3011979548,,389700000
1982,,668493883.3,,2279872697,,4459544582,995369996.9,,36665555.56,2891774968,16554779.89,32866107.13,184674562.5,,311170212.8,,,2576875,123726843.5,3031328924,,23551463.59,,6017321456,1928314953,2160747854,,86425689.12,131616586.4,147162426.6,72427162.01,667866120.9,,,,,22349480132,29608206.12,1400430126,126000000,932452707.7,229000000,2307139561,,4956242441,,387367149.8,844911290.5,14939154.85,22522681678,88555899.77,24785700685,,170273456.3,52266833.59,,9407751.857,,2638652976,176590000,24710000,67000000,,,750740503.1,2741068094,6302107956,342048872.7,9703525315,,4518481889,8062597403,53608918.73,465258786,10193936012,,243721560.5,,,4646524886,1285119360,,246651755.1,43350000,709332450.6,25974668.7,14965648.08,,41434171.49,,959485440.9,,,858130162.7,29518633.26,,195419415.6,,,102992610.5,,2828236.376,26977480.08,1438303667,,12781263.88,1651914513,,4829535607,1697544015,25491173.23,608767756.5,1261580776,1852711543,,1268695337,964637002.3,,2122035928,803004962,208026190.5,1467252747,989333333.3,28175370.73,27095797466,172214638.2,73072311.52,738310856.9,14128284.83,94372953.74,83900000,,,,,2980130869,11074579.58,,2726878981,,18541962.11,1507634749,,,,,328600426.3,2754732303,366761862.8,87488449.89,,599135224.1,2.14E+11,,1523255814,,,2744699858,,437450000
1983,,778628250.6,,2848053181,,4511671066,991995097.5,,34369644.2,2671831608,17765951.31,29317755.98,231804492.5,,183510638.3,,,2899750,89973482.6,2082669251,,24454614.24,,6947104072,1946035043,1497684301,,76251882.88,129898757.7,78919799.79,,859813605.6,,,,,22127066321,30902369.44,1374960497,126000000,952430671.6,200000000,3004281422,,4770965313,,408405797.1,905188931.5,15102947.83,21653641575,86599171.8,23631058396,,71148287.35,,727666.8802,18064755.2,,2195463586,184250000,22100000,70000000,,,700708442,2047257950,6830768698,310258091.7,10550357293,,4265358582,8409527116,50162507.37,484742989.8,11429317256,,208691732.7,,,4714159753,1425498410,,492472676.6,38750000,,45952585.36,14069652.63,,41151224.44,,628153423,,,778556797.2,26767016.74,,192169991.5,,,116316977.5,,2934342.485,22217303.96,1342380183,,12354815.18,1627393327,,4256634367,1698789946,29081758.93,567555469.4,1457006369,1985972402,,927159637.2,800165576.3,,2195521573,692947642.5,221221334.9,905192307.7,888319702,28024671.7,21872720536,230769230.8,70617688.27,732945268.7,10236934.65,124526263.3,83900000,,,,,2629021887,11735930.35,,2733503185,39363259.91,16398734.08,1583036595,,,,,383489474.3,2469375535,332950425.4,93723596.47,,274611790.9,2.14E+11,,2006976744,,,3052688269,,431750000
1984,,1066247744,,2527749815,,4925319433,949715291.7,,29938434.04,2407447484,21237787.7,26968328.69,244337571.5,,164893617,,,3256125,144680785.7,2013151758,97366249.74,26109660.57,,7349795764,1807905757,1462262953,,70164798.82,127243641.8,53403541.41,49423627.5,889730898.6,3687650.142,,,,20124939008,31133068.12,1259583261,139000000,929290821.3,193000000,3742137511,,4851949869,,423019323.7,826070181.3,15601330.13,20212344345,80328270.29,22732895544,,44624487.03,,846805.02,6465128.712,,1994286405,207480000,20740845.14,81000000,,,641103030.3,2002310077,6956682449,284275226.2,9926303622,,4214300331,8296144788,25153444.25,457778991.6,12225078098,,175004683,,,4759446931,1465909168,,474574917.6,24950000,,55750799.98,12285803.37,,38661575.09,,512454401.2,,55059872.19,1155945373,25402957.27,,188720829.3,,,136654509.1,,2623131.381,18839590.2,1273659777,,10632625.18,1210916250,,3977294580,1554623805,29211271.37,530331804.6,1580789642,2114435830,,666310916.2,513453143.1,,2313670081,628464842.1,172997512.4,874862637.4,731196135.4,25460676.62,22672050990,355384615.4,65136844.13,918624711.7,9920516.345,235932384.3,89200000,,,,,2668524384,9116913.399,,3394904459,40049707.41,15692619.64,1698837534,,,,,249474468.8,2190052307,293025202.4,75215039.12,,221851277.3,2.31E+11,,1325415047,,,2770152107,81624098.96,360650000
1985,,1146467010,,2027221261,,4386859326,1036872489,,32220298.12,2428223977,19810222.52,27106616.84,224948007.1,,167553191.5,,,3263000,131208000.2,2687049984,101752153.3,20997913.35,,7460563318,1966928897,1137635211,,69565043.19,116190293.9,40371344.17,55646692.47,716735061,3394021.938,,30737332.91,,19921872405,31391900.79,1259295610,61042019.4,953299653.9,284000000,4203565423,,5077574145,,429444444.4,911349660.9,14008928.96,20780557604,95489724.28,23281158966,,63162776.66,,1244263.419,4652567.483,,1927083076,224420000,38971271.33,94000000,,,1025550984,1923319347,7567024020,301495819,10706415945,,4004517114,8253390533,18714379.26,501742160.3,13087751954,,145781732.1,,,4883795775,1379869860,,227203508.6,25150000,,188947302.5,10667797.39,,38112966.56,,692472049.7,,50869844.15,1241863652,29826627.16,12948712.08,196758644.7,,,148214364.3,41058571.71,2363606.929,19811238.44,1076905728,,10877815.44,1091662993,,3884181822,1796625192,30532050.16,529191398.5,1617713053,2143969262,,666976464.5,609330746.5,34289370.3,2140789170,653587081.2,158363306.1,1528873626,2050007584,27250728.43,17656965219,205293356.8,64966400.53,1049587528,6281702.97,250433594.3,44300000,,,,,2795295633,6646662.948,7246651.052,3510318471,37839750.88,18879809.82,1629594718,,,,,215938722.3,2365977436,345976202.3,104818309,,203645853.9,2.58E+11,,820000000,,,2117406345,53190811.69,309300000
1986,,1156494418,,2449545721,,4606710028,1475426089,,34607737.52,3404311038,26277338.54,51180170.14,248796417.2,,178191489.4,,,,92869207.22,2758186568,110162485.9,34310908.18,,7780136740,2565428146,1114393822,,96559112.46,145411861.2,67436312.94,,679498200.9,4454431.91,,48729244.32,,27690811161,30604149.2,1647882398,82290924.24,1127103217,207000000,4727136104,,6270618789,,439202898.6,1223271001,14591259.37,28454938061,136006884.1,27216844988,,51650922.76,,1046935.943,6128820.138,,1998816951,140853333.3,27829660.94,105500000,,,765838789.8,1734616704,9539363086,409081178.2,11741433342,,4386224325,11941809156,23522088.13,625775075.3,19457334441,,181255662.3,,,5325292074,1295617612,,148293323.7,24350000,,172743269.3,13369627.53,,53459034.31,,728545632.7,,50566283.23,817296611.7,37539055.06,16531995.1,231843369.6,,,170669991,42460504.2,2896096.952,24743830.16,894074625,,14412109.52,516893509.3,,5351016847,2168162775,31053048.07,691134040,1305689797,2282625019,,867538985.5,593798594.1,37450561.76,2173578189,935754339.7,191435349.3,,2307873265,34889469.11,,260000000,85476428.36,1021162660,7227148.725,163311245.6,34900000,,,,,3577484916,7341260.29,9762352.29,3678980892,48800771.57,30011030.71,1635667271,,,,,206793454.6,2769409588,260704018.6,131071428.6,,242349802.6,2.81E+11,,1004536497,,,2497888430,61629720.93,342200000
1987,,1487398890,,2485659656,,5057135655,1737112605,,30784856.43,4162992929,35602937.41,50712557.85,288311839.7,,178191489.4,,,,103362387.2,4323674770,104464429.9,73826342.81,,8694447168,3020406521,1166781370,,122780223.4,163128000.9,28297227.67,100513414.3,721331206.4,4967860.701,,199500731.1,,34135226422,30817967.49,2141274092,59327500.29,1196971384,207000000,4805707420,,7921508651,,476618357.5,1462231547,25131445.66,34858734928,,31231666522,,43338474.86,,1392344.227,3883662.224,,2399225050,124028000,10619291.23,122500000,,,823921397.5,1347598625,10877406164,435378990.4,15263376570,,5995553855,15653065895,25325014.99,647050307.4,23642290700,,249810082.3,,,6040845305,1336740077,,36999768.47,22250000,,226699541.9,18111226.26,,73150597.31,,815386106.1,,36662411.21,813391574.4,44254118.46,23148953.51,203653743.5,,,83582418.11,43720551.23,3649578.357,21643561.49,1334714483,,13662211.31,201691218.2,,6542917225,2753415610,33928833.32,925756538.6,1139141743,2500172426,103800000,1455232303,652382133.2,42383569.1,1765484773,1130608394,116922830.9,865412087.9,2272446246,36093359.48,14460266667,310333333.3,99871230.5,1052360421,4585444.665,176891743.8,28500000,,,,,4469563626,8349582.275,11321408.35,3650191083,34271986.48,43412292,1698687546,,,,,194409783.5,2889593497,161608082.1,130971749.2,,223924938.6,2.88E+11,,765517241.4,1315597882,,3595968625,66915490.04,392600000
1988,,1469382980,,2696341658,,5836347868,1713954577,,34255493.43,4097149308,36931589.27,57186887.27,331995586.6,,207446808.5,,,,92916951.67,5874167753,178392184.5,93747094.76,,9897335684,3276156632,999951022.8,,128102253.5,154370685.7,214939929.1,,862374404.2,5078572.172,,243815864.4,,35096843456,31059919.76,2320423440,47296368.76,1028611425,198000000,4453565066,,8900414227,,614855072.5,1704330620,24673835.53,36104962946,,34304125087,,22760424.65,,2161462.759,,,2749556829,146588384.4,11020000,132000000,,1972400,1027508668,1356706413,11346419153,453486447,18889008563,,7694798541,17403664790,30932577.82,587776388.5,28216102753,,250942407.5,,,7732395676,1704123944,,39317743.08,25000000,,165486625.5,16956458.63,,86015559.6,,917269144.8,,32904438.55,981914645.6,48011066.05,22383605.51,255256828.5,,,63852700.4,42983864.11,4688302.314,20167493.07,855741986.7,,,271106046.5,,6728811707,2894745726,35789121.14,961838312.4,1148894668,2721723240,102900000,736618231.5,931561008.2,46294747.84,1783781524,1347837652,178435818.2,982554945.1,2524357529,36626347.16,13354666667,369333333.3,105288603.6,1205886445,9011475.022,178963345.2,49500000,,,,,4917620754,8720150.255,12148072.75,3722802548,77892079.18,43089092.42,1809003357,,,,,232920340.8,2663901290,124833697.7,140904123,,259967029.9,2.93E+11,,1096551724,1305814502,,4263086823,86740656.33,407050000
1989,,1948559396,,1440922190,,6300015815,1623488055,,37903281.72,3880733006,28525930.38,66816506.17,378796135.2,2071428571,218085106.4,,,4355375,101690872.4,8761486966,186129028.9,102798415.8,,10747134689,3082038963,988934423.2,11403453020,129676998.7,146869357.5,67494749.1,,865205662.8,,,244995663.3,,33604161248,31088053.75,2183667160,53517350.16,854300945.3,189000000,3516344801,,9302930296,,781521739.1,1766586166,29083211.42,35317062940,,33498698405,,22626966.33,,2722988.351,4434725.155,,2560254614,151627061.3,6023830.213,138000000,,2231550,812646128.2,1409556738,10589796925,434222056,16301812932,,6270727555,17675486539,40933809.6,382891036.2,27966353542,,228606149,,,9468974884,2076390756,,,,,125682787.2,22610459.53,,75962325.96,,990555090.2,,30247467.94,1153375828,46080349.08,21308781.46,550194633.8,,,79069105.59,38879724.51,6327951.842,22781135.85,1019255475,,,170705511.3,,6399237699,2932580201,36331136.35,959602906.4,1171521456,2580142638,101900000,862654199.4,954928761,53074242.22,1493906252,1456535413,98142356.71,848461538.5,2572110229,41622478.13,12749866667,,99602517.81,1410452965,14394912.13,213029679.7,8560000,,,,,5032977192,8731526.53,13036424.05,1483652561,56424917.24,41861019.16,1939693409,,,,,234062029.6,3373741563,105316752.3,139821239.7,,297821236.4,3.04E+11,,1196251553,458562483.9,,4181886467,167587250.3,408600000
1990,,1751153152,,2050907629,,6704213698,1972701682,,39602347.38,4644324241,32817291.98,84465502.36,373023439,794520547.9,239361702.1,,,4768750,137065127.5,9236296955,231168587.6,156250839.8,,11414631847,4056408189,1031475584,10085081567,143973702.1,180577745.9,45933813.55,,889979074.5,,,411409063.3,,42318768301,31116187.73,2649889473,47798904.44,904269155.2,202000000,2260645161,,11695038645,,785048309.2,2141300984,30542031.59,42589868779,,38943795645,,27612553.5,,3464911.112,,,3193376484,132196105,3589328.49,67120949.03,,2670400,847389246.9,1613975396,10537035450,594006010.4,16474401698,,7375654517,20734625579,38609944.56,322429005.4,28800451682,,246456438.6,,29090909.09,10110714871,8961536461,,214361038.7,,,187023405.7,24165932.32,,96691368.64,,1069720492,,37948124.18,1327241698,52155069.51,21152027.67,814025583.1,,,84598999.67,40181617.44,9183570.491,24312172.03,1125007856,,,277297783.5,1142475980,7420849636,3394869435,37929191.13,1057749672,1447919376,2810101624,73100000,777066944.8,951481870,68691099.48,1540736842,1875087897,112234255.7,790796703.3,1739025771,95132735.43,16355466667,1177777778,118215709,1801901210,12387253.54,163886690.4,,,,,,6169504240,14223211.66,14840075.7,1641781737,34341542.25,50748351.79,2214017705,,,,,247855881.5,5315413395,87154458.21,107006214.2,,328351062,3.06E+11,,737870454.7,511970136.4,807070715.5,4364458204,139324047.3,416300000
1991,,1031247788,,2858778842,,7023509067,1994055546,,42751758.83,4624500746,,69505542.22,381720110.1,232176386.6,263297872.3,,,4732875,143643960.1,6694665295,245434285.5,172269188.2,21598187.92,11338503299,4016764413,1038039494,9953641758,144168701.9,178198343.2,43891987.21,,911467589.2,,,418387368.7,,39516328623,31774522.99,2671946671,33894298.95,565098062.6,209000000,1345757343,,11680263754,,529033816.4,2200991549,32482582.88,42702599011,,42074283749,,41427184.18,71764178.4,3996271.673,,,3146899035,119310860.5,2031374.373,47398089.41,,2623227.387,722549153.4,1697029205,8622473881,624932658.1,17549594830,,10548894781,21585706772,31891976.66,433271745.1,32785415754,,191908506.3,,43294683.66,10956524348,12924377966,,229469731,25000000,,277389023.8,22308171.45,,107736089.1,,1148445710,,34707087.44,1599507028,,21744818.12,942677085.2,,110838314.6,71803523.25,39440703.49,10496859.89,23704121.2,1571959986,144767719.8,,243705781,67668345.5,7246192325,3287551636,35431485.71,989033810,1254811443,3067123794,78600000,697734627.8,913219741.9,52642141.66,1721995821,2115383815,197613496.8,895631868.1,1377194085,105333802.1,16355466667,1365798115,110014994.3,2022806865,23179749.72,145127188.6,,,,,,6219460369,16006837.31,16561706.54,2893808463,,45904568.12,2598337174,,,,,260431030.7,5670666520,108141651.9,73561599.98,,268628014.6,2.80E+11,,983721953.4,427617814.1,1028217917,3874415135,86247306.22,376050000
1992,,794138821.2,31559657.48,3254455192,,6882091580,2139925322,11070110.7,38986476.43,4131298112,,71116618.56,427723625,255770911.5,279255319.1,,,5292125,141441910.3,4993804467,251692787.5,177986045.6,23185438.17,10788803124,4138043834,1168858391,12420300875,156797334.3,183796639.1,85527294.36,125617699.1,1102357227,3557902.66,,630127106,,41965836693,33625739.22,2837745377,63127240.84,1053301643,211000000,1415819974,,12250195430,,255343443.4,2075955550,30539125.34,45123086054,,40774938835,,41663996.04,55654040.29,3501687.892,,,3623052915,153753024.3,3625349.994,,782003661.3,1743605.937,812017967.2,1887635966,8083231410,674035044.5,19732558015,,8262053674,22177090390,47192327.63,367745484.8,35999123576,,156036602,,62293735.89,11614665196,6316012045,102292611.3,442786331.1,22650000,,326765473.6,24237292.3,,123217456.2,,1228526553,,23102633.36,2000064622,,26692690.81,1370457677,,33041891.2,59605412.17,39378674.16,11427598.44,25238116.38,1766520896,124561274.3,,173657679.3,47200000,7904561273,3803684930,37607537.89,870398917.2,1517165150,3388776373,78800000,904617805,1078843704,58569676.66,1881935067,2532649406,169556285.2,,831620409.6,88570170,15360266667,183718440.7,109772868.1,2332148536,26661754.52,134193736.7,,,,,281422738.5,6418628291,20976434.16,20499884.81,2976570156,35324074.77,49113686.85,2961769836,1037058.642,,,,289677115.2,6157947273,96907036.42,52331345.97,,366965197.8,3.05E+11,,992932485,332970309.4,1306900026,3677406461,97756279.98,296350000
1993,,1774397877,39289843.43,3368550452,9829763.866,6733829290,2115115267,77519379.84,36267402.59,3746042851,,60526975.63,471044672.3,282674243.3,279255319.1,,,6130375,109897118,7099899155,233941291.9,185671482.9,19144450.37,10268822622,3611212626,1291053676,12577165930,148635238.4,168175220.6,469173805.5,109477580.1,1529432893,2735413.408,,268277271.6,815585466.9,37215052110,31065546.56,2682011246,95993941.21,1276911083,276000000,1526165392,107737649.2,10041511353,13146559.88,163850000,1615424809,32041095.62,42590872342,,34085881363,,41004328.58,43956503.99,2556388.668,,,3364413330,144445075.4,4436526.474,40592869.13,1168936759,1649639.306,735860385.6,1933304585,8253542581,597723765.6,1448177703,,8758471677,18242013901,44542579.54,391137488.4,41353936222,,105704527.3,,44626255.11,12377424873,2980065532,107643979.1,452979280.6,30450000,,354785171.2,22140684.39,20769763.77,108089199.8,17691507.97,1251786538,,37830790.82,2327305641,44497338.99,24637705.57,2061809624,,14057102.96,59366482.2,30155786.96,10777425.2,25728062.72,1923398172,70155520.33,,289231103.9,40210589.62,7054868962,3175583193,37041837.42,866788074.6,1439921977,3308760745,95200000,956586465,1173017500,68596992.16,2123378416,2192208142,157930499.3,,722451519.7,89436136.36,16451200000,257981093.9,119937986.2,2481448703,23339131.11,116470035.6,,,,266899036.6,230303671.6,5011158320,23724347.71,12949843,1426095238,39200036.73,50147794.73,3156299863,23498175.22,,,22644876.75,276167134.9,7075086940,58725701.62,62636650.43,152233866.5,418919639,2.98E+11,,1287954761,297716380,1535457656,3254313379,51128294.49,249800000
1994,,594991178.7,49649504.93,3754724687,,7459696582,2227560550,43942747.06,41909745.03,3944101813,,30259093.49,547417522.2,241993434.8,284574468.1,,,7899375,134595240.4,10591499118,261876080.2,170433762.3,10689745.23,9577377640,3899275421,1466048832,10050586559,84071649.21,94517340.44,,,2005122888,3431398.887,,298469126.9,938252776.6,36330284517,30711058.34,2718790042,100956679.7,1334911648,291000000,1714409786,80198311.21,10092671257,25135735.38,148691674.3,1756338984,33665273.34,44392512323,,34493524143,,37823250.83,45871747.51,2316899.696,2016728.765,2379301.339,3587244914,153011545.4,5485552.101,,1625222365,1599966.755,757131989.3,2239731575,8880551226,633699379.1,1703171536,,8780366219,18062459082,34218503.95,407863026.7,45285594083,106926893,117331482.6,12086953.61,107258619,13519265763,3296055513,116105380.4,637473438.6,39300000,,437032405.1,25853328.83,21062271.38,126000012.1,33900348.04,1365250019,,27580945.67,2888815805,29898866.18,27870262.14,2801966892,,16393641.22,72864691.92,29488165.08,11853856.26,17060803.08,2120597807,56958995.16,17471024.22,319694489.9,35401494.6,7137373801,3403291213,39252998.63,979531817,1520091027,3320617929,101000000,1111161731,1392199022,83255878.34,2251923178,2173634730,161100272.3,,936686222.5,40510575.39,14279733333,226167004.5,66146738.59,2797163882,26495551.69,109334519.6,,,,299993419.1,237949504.1,5154504230,25804044.16,11887196.24,1636299776,22153979.16,25396024.89,3611133201,14182891.53,79583333.33,,24202817.59,297068854.7,5293173966,58375569.77,104127847.9,919044682.1,450443306,2.88E+11,86929824.56,939683231.4,431345012.2,2353269332,3478582291,62869469.99,247900000
1995,,233843714.9,50907521.78,3801950488,52228583.82,7665878446,2557834494,66159968.91,42108929.88,4449014835,,36862814.24,620095155.9,311147105.6,303191489.4,,179081676.9,8052875,140760862.8,14318919608,285738475.2,165873977.8,13014176.16,9176903908,4645360982,1827997369,12606229599,,113575532.7,,,2619338187,6206630.034,,298833385.5,1065352459,41158705095,29608206.12,3117966146,84449968.38,1234655192,475000000,1948876986,124996349.9,11439906271,36343487.58,122460147.5,1908986807,34700248.16,47768110000,,34247823782,,49054322.26,,2886551.708,2211919.911,3447875.179,4179913247,158348657.5,5691560.614,,2060388930,2478871.189,612184817.1,2478753541,9754464630,702039703.1,2501544190,,8976693112,17185853004,35298829.61,299838515.5,49961673237,177686628.4,149096438.3,26712568.96,123101153.5,16085095679,3692435533,103704532.2,746264054.1,,,763663963.7,34373285.47,30453612.5,142256814.9,43560331.06,1437898701,13345789.4,27170664.12,1712924668,40468959.11,31144859.96,3932079181,,21281148.79,33465088.27,31987855.25,13447369.48,11047717.5,2444098387,68236520.19,18431407.12,639406630.6,35119851.46,8011539559,3508040839,39766584.51,1146415728,1513849155,3665932427,96600000,1413463629,1700402497,56405488.19,2719362634,2670121572,206926409.3,,983140541.4,56449336.72,13200266667,138756425.7,80915880.66,3672797697,25023304.59,111636298.9,,,,629622682.6,334655022.9,5729770498,28769619.72,11591841.19,957899818.9,20034138.17,30852572.78,3849025896,5803400.646,135612612.6,,,342902458.4,6606245815,85513656.09,127002622.5,1046793431,523862025.5,2.79E+11,112678421.5,1198810237,,805892377.9,3292446562,55265536.34,262900000
1996,,159741933.5,45713356.11,3379138770,52410268.55,8202776517,2457903049,71606841.24,50893980.78,4241865968,,37141874.14,638958844.8,213616356.3,321808510.6,,182805614.6,7965875,146963017.8,14073226545,328359479.2,140560134.8,12196218.57,8615884471,4239447901,1904105834,14563240390,102660140.1,116936303.6,89269879.98,,4318552316,4261939.788,,448075909.3,1123923831,38989886649,24527208.38,3086224945,107001292.2,1452431008,419000000,2115742979,152271808.6,11294316855,41436607.71,126454733.2,2021797095,32851136.61,46403438584,,34490949485,67706683.56,44417812.62,,3929706.231,1897743.657,,4613167577,141370462.9,5558340.16,,1938698897,,585271901.8,2874845238,9904672736,750987245.8,3550986964,,9601957420,20793128832,41791263.91,417489421.7,44047104680,241771205.9,170804816.3,28276956.35,113563610.9,16408665267,3241385529,78445466.01,735631013.6,,,767105591.7,28347308.31,42260000,141495421.6,38154934.56,1447128689,15354611.16,49442905.51,2063965155,39683160.27,33296174.82,4675441102,,21608196.89,36037790.98,37887510.75,12973518.09,20152203.02,2420963934,66463535.19,17398035.78,701412878.6,31533400.51,7829004728,3537003416,39547026.04,1238271987,1437191157,3547799671,101200000,1396469289,1879303176,78744873.28,3083416787,2600849533,202012224.8,,874451238.9,73658822.76,13340000000,106332797.7,79774881.15,4100238291,18592815.28,110830676.2,,,,641559871.1,329972648.3,6203436943,26486561.92,10543301.99,995089040.9,24826410.61,,3938047248,13458544.84,48549386.5,,,397469509.2,7512090796,101038489.5,135393564.5,1464905136,575652014.7,2.71E+11,172211545.7,733197556,,416008632.4,2591787131,37835913.57,291650000
1997,,456780475,29825492,3340670335,64062121.19,7936884917,2164802343,92086691.97,61870123.83,3684095389,,38549246.23,681915124,244369396.2,321808510.6,,249384139.4,9395000,180200446.9,13934266552,369070790.2,160507675.1,,7945140183,3498218851,2120702608,16104915232,93525611.26,118711118.8,83825040.92,,2988711261,4099737.381,,534141188.7,988324331.8,33217573925,26552855.32,2804317083,150664189.8,1752395278,499000000,2267650314,92756319.41,9865892241,53031652.18,225417105.1,1947002590,30962540.18,41308251985,,35674878363,44007707.13,45483310.22,44370189.81,4176388.698,1817811.122,,4573516492,132112832.6,,,1797184681,,695972460.9,3231358571,11464883390,765305513.3,4642384616,,9693753398,20156102258,54854608.88,444287729.2,40634840608,236752278.4,175834896.9,31158797.7,103419601.2,14848484530,2454268845,67064556.58,678164279.5,,1251990817,698792770.9,28700335.94,75611000,134075768,37988313.15,1400949501,17410750.98,52544736.69,2394152398,40262546.07,31142214.89,4780529108,,18692594.36,42014622.82,41599441.57,9801826.445,26407487.14,2089087477,83659580.38,17304328.31,818784525.3,30270700.5,6839136799,3253032488,42587851.99,1180888907,1482054616,3320238863,118000000,1178753608,1576447115,79556597.15,3192276377,2388687811,167982106.9,,1074785782,77272576.53,18126666667,97731859.32,70800402.28,4457304302,9490749.703,112211743.8,,914364967.9,,499529506.7,290785271.8,5203218383,25662115.12,11398353.47,1046927961,16619008.38,,3264802658,19050989.36,106190591.1,,,358166577.8,7791986304,118603807.7,139615977.7,2068583952,575206289.5,2.76E+11,217747190.7,1541033864,,397073042.4,2414137710,43362495.25,311400000
1998,,170278292.6,33638047.44,3398699350,66757573.06,7107542891,2159796003,107262858.6,58736036.23,3664288413,,39494738.56,701585600.4,320389011.3,329787234,,227586087.3,,228677000.4,14357357047,293977055.4,181051047.4,,7748607984,3494250971,2112373123,17527989869,,137245911.5,26629667.19,,3389806738,4513154.879,,483748645.1,1166099773,33146457057,26704778.84,2846065338,159053096.3,1910962052,549000000,2372048406,263001685.7,10333417234,59919847.48,458549925.4,1959708814,22598926.93,40041139680,,36866288852,41084456.98,57453085.66,45034483.32,4049572.023,2900235.951,,4824257169,139804367.7,,,1427264827,,618464380,972702125.1,11920610818,742402153.2,5479362942,,9145784898,20825125352,47640218.88,496473906.9,37849012643,242646223.1,171964013.3,26092304.3,83323986.09,10457957529,2282153592,33350210.56,693871897.5,,1443621758,733435634.7,27807021.35,138175000,143139739.1,42180166.5,1444959716,10613141.68,50446576.25,2480943604,41020286.4,29081268.41,5873097951,,19920839.93,49264817.34,25610687.83,8456738.925,14474120.37,1158657313,78912428.46,22035691.04,1149684730,26271274.53,6836084823,3324939365,42273075.89,969356349.5,1318205462,3218881738,104000000,1141808874,1225561281,49720532.99,3491022616,2335597096,139262988,,1254227893,87091837.06,20861600000,259957570.1,75090854.85,4466270315,,110830676.2,,642122263.4,,397592215.7,301139822.2,5132285182,25731330.54,10542378.74,1096039533,16103004.99,,2110239752,22613230.32,87510040.16,,,365849374.7,8781048158,134276958.1,154712531.5,1405161785,573248407.6,2.74E+11,,1450963992,,384502730.3,1905656009,,306000000
1999,,1066588789,42784205.21,3461730865,68234148.57,7770250653,2124379546,120262174,50571188.26,3598447520,17843134.39,41741175.48,737412573.6,357224539.6,364361702.1,,165903848.9,,176744242.1,9866973919,258413177.9,169578756.2,,8210778540,3146822887,2043134812,21027341242,,144704636.5,149277860.3,,3247296766,5004734.208,,289970367,1205931870,32604005638,26779052.56,2784881254,175000467.8,1826496570,296000000,2447978794,272856734.6,11113722490,73800541.32,703704869.5,1653905119,23811699.72,38897240331,,36453353008,25882678.36,59277760.9,55211186.39,3519056.437,,,5012285642,123754165.2,,,1035949008,,702942491.1,1135147005,13895562461,741508607.8,6650285144,,8645271101,21016456910,45131071.75,511988716.5,43122898505,143905357.1,151917777.4,23133179.47,88172003.48,12095186824,2286352512,15382947.39,829663624.8,,1153487088,631014150.1,34078186.69,106450000,140758789.2,56568626.39,1207516610,5990984.994,45036442.92,2908141919,43852596.8,27986620.66,6950081056,,18021861.88,56516191.65,31959678.11,9040808.71,14402979.49,1663289474,105765957.2,23550468.65,491671368.6,26927929.68,7026433290,3309198286,47484957.37,970306042,1340442133,3080764514,111600000,992217726.3,1341016654,35678026.43,3226555351,2406493740,116553254.9,,955337577,80852363.58,18320000000,429617897.4,78285006.15,4493173880,,114743701.1,,737469450.8,,327169170.9,274841827.8,5148727432,25853264.11,11090147.46,1127632857,20951796.25,,2056847122,15126152.26,111923076.9,,,357013395.4,9951788874,128497943.6,159704570.3,941788284.1,574285890.7,2.81E+11,250071736,1408064716,,395252957.3,1738036625,56113432.89,263400000
2000,,583621333.6,45362503.39,3266633317,68052142.07,7273760313,1925557398,119575651.7,42321552.22,3190805233,14496275.16,36658539.05,740798160,351343204.9,359042553.2,,140326204.7,7116125,173245422.5,11344032535,244205202,184718394.6,,8299385231,2800146846,2103460610,22929764607,,123034343.9,132883821.7,,3027922793,6801072.798,,281160374.3,1157294085,28149990787,26025061.75,2392510831,246810843.7,1881163649,266000000,2627698334,230670129.9,10273779252,78313308.56,617541613.6,1558135250,32039537.35,33814262023,91295212.2,35254814799,18824291.43,50882608.24,45967931.21,3323532.172,9531360.608,,4564522446,157848092.8,12585649.29,52462396.89,659775033.3,,715857664.8,1129542840,14287514241,694674774.3,8327053824,,9407761463,19878720932,43566232.49,529337094.5,45509673827,143527541.1,165584735.2,25794155.81,81025841.31,13801107024,2697075596,13717664.6,930016583.7,,1085534665,822127365.6,30555503.52,140400000,128192371.5,69990683.36,859151483.2,5090797.96,47210934.61,3323124172,43681247.68,25353948.05,9030564409,,24265559.55,55361458.44,37878312.26,9360142.631,11727501.44,1533157895,92397796.49,20084946.68,368644109.5,30825265.68,5971807629,2922343510,51358135.31,858414919.5,1577243173,2973072722,0,912005730.7,1303077685,33606981.63,3146106713,2204256495,110248167.2,,935569610.3,61329857.12,19964266667,587267572.3,62361652.64,4330726931,23310804.35,110370320.3,,337080608.4,,342322768.9,222391556.8,4789440137,24471060.53,10325841.56,897044908.7,21349034.24,,1881009454,10353281.16,,,,332389762.7,9993730197,135055952.6,141303025.9,1136716646,555968792.4,3.02E+11,115375384.6,1788322080,,473664032.5,1891725013,,346300000
2001,,404299140,53232045.16,3183591796,66247626.46,7043145895,1788798311,131963660.1,53230373.11,3036035472,13112535.62,36832965.23,705481695.2,406003542.8,372340425.5,,177697841.7,7454662.5,184397571,10930231568,217667939.2,210322093.6,,8375571425,2763655325,1893098224,27875387284,,124301708.4,,54445943.53,3264438192,4638556.172,,327627160.3,1182519922,27425257940,26048131.62,2525225825,305900328,2091627274,384000000,2834256230,166550245.4,10222074075,93818539.9,349808276.5,1479270879,32811655.82,33276659717,90036137.23,35331927360,23829967.87,32352140.5,87718398.82,2454230.2,6183163.515,,4428103552,196765577.5,14371052.9,62951976.58,629464103.8,,845055673.8,919022697.8,14600642346,767778364.4,10378791766,,9607416508,19519381482,46374382.29,528926645.6,40757967234,221486206.5,195365005.5,22212067.21,70846940.89,12941850828,2685735278,12574570.78,958540630.2,,819747993.6,675016502,23390729.43,166875000,160284919.2,86966741.1,1470317615,5961865.823,65037565.45,3540226539,44881650.23,27119323.11,9464417217,,23124715.31,50619215.98,51852489.35,8977215.381,12681914.7,1934473684,96757182.45,24828146.93,570632287.8,28193450.44,6200391943,2965973987,64701738.38,796636889.1,1819895969,2842046790,0,904235449.1,1122103992,25230765.6,3630645595,2324811411,91298893.93,,985657655.7,56885903.13,21026666667,388091317.4,68891286.82,4309127542,29911134.61,150651459.1,,494069226.5,,393996598.3,271488790.4,4128046006,19665055.21,11065396.05,1022526578,26192330.83,,1724799637,12468225.56,,,13945440.72,335647906.8,7216051045,150728196.3,136157342.5,1088575173,523008311.4,3.13E+11,59760610.47,1911400137,,540101498.8,1802262236,,286700000
2002,,438686245.4,58649352.5,1114172483,64106405.65,7946766202,1881746741,139894091.9,44910067.05,3147146017,26000447.64,42468449.96,681816161.7,455950466.5,444148936.2,241025517.6,204364237.4,7829937.5,160437935.8,9664561903,226182431.5,223549258.8,10681962.96,8495399281,2882696762,1779553138,32137735649,,145626610.5,,70704230.2,3347522602,4520858.938,,242483491,1494390397,29333207849,33250994.54,2694082493,271663317.2,2100602521,505000000,2902768425,150764425.2,10270839019,122069530.7,288932333.5,1611406522,30914304.27,36403933933,94693165.45,39659529123,33975807.04,36975481.34,98084865.17,2259285.664,6363093.769,,4734177215,158368119.3,16652243.46,63602176.06,733680739.1,,1079154824,1369857129,14749667252,811255940.9,3243891033,,10090890495,21610059762,56898147.1,521861777.2,39333708170,245956719.4,213894508,25933378.39,65182716.1,14101703315,2821521878,11435617.47,907462686.6,,452513614.8,571657950.2,19559896.4,181481441.2,153404545.7,147224840.2,1474874326,6978372.204,57743396.83,3479509029,49355225.63,28403690.8,11000356816,,25282128.41,53509586.96,36281137.41,9502035.912,14815169.79,2237894737,87992258.58,20660327.01,896913201.4,34831910.07,6728153969,4065868548,85405885.72,865788853,1868465540,3273401893,0,839613251.8,1199121767,17020861.47,3776173214,2602230483,69892741.29,760989011,1056136062,51118614.12,18501866667,484607263,74361395.03,4528116431,27133961.88,161700000,,678511699.8,,440059286,326959522.8,4354573015,18338440.52,11699935.95,1102912157,34290403.85,,1812993336,25577668.2,,,19492116.74,345424236.7,9050377182,140753561.8,142191594.1,1176355738,344263066.3,3.57E+11,45914432.99,1071363969,,737366548,1766082898,,677000000
2003,,670021164.4,76142881.76,1374873734,76587998.89,9926649415,2381962769,176552162.3,43413201.31,3875697772,34544046.8,50757054.37,719442956.9,569054077.5,515957446.8,202282838.9,231563860.4,8552225,173431324.8,8392905884,243373245,301014357.8,15018926.36,9958245602,3270337504,2067983998,35126306608,213007570.5,188499655.9,78708031.88,93776668.96,3278369503,5782831.643,296933962.3,288427605.8,1885706689,35055088179,41763775.81,3199158428,155802495.6,2206395762,739000000,2383914898,181583669,12880532801,171411923.9,278673159.9,2475059743,37296898.08,45916973841,108396421.2,46942962291,42647402.88,53244020.29,84133949.31,1997861.937,7505161.734,,5035585542,178771794,16345330.57,82195176.79,709399147.2,,1401561253,2134746704,16333986643,965199981,3717068450,,10827490776,26824213292,54845871.82,611847672.8,42486177361,317564315.1,245938663.8,32603112.03,67525224.43,15847047272,3130746413,11013340.9,923383084.6,,541401766.5,541695589.6,27363759.54,210822413.2,198637975.5,189144251.4,1819230070,8246742.537,72517018.89,3245342478,66758430.83,34125502,24189109503,,24333211.23,59771342.55,62449150.29,10882927.44,13118825.85,2881578947,129449089.5,24604267.03,587461887.3,35307124.98,8356338470,4517514992,102934146.2,1132832007,1969310793,3722814794,0,891253913.4,1301286084,19307132.13,4150261759,3109812942,63511880.06,784615384.6,1250327559,45196268.98,18747466667,398110221.7,96856503.79,4723679528,28467933.59,126600000,,730567122.9,,624508454.6,416906753.7,5305640404,31927690.93,12239108.86,1436210734,40949759.12,28831211.29,1891520588,34788346.39,,,33736557,407385561.1,10277901778,125254713.9,152379921.8,1427984751,269526777.2,4.15E+11,54133695.46,987890177.7,841930159.4,807313244.1,2574176278,,194800000
2004,125111557.5,817533582.2,100922358.4,1465809188,98070488.2,11995219710,2679282065,228249631.6,44872377.15,4262663513,41780478.34,65684242.41,770641160.3,650748201.7,531914893.6,200100307.3,314314017.8,9486150,168881603.1,9780111585,199381149.3,314038897.1,15103589.92,11336489831,3503819863,2687320866,40352713136,250811588.4,221107924.7,137637805.5,124298437.4,4056896991,6452150.492,62047619.05,338474566.3,2042085931,38007611456,37355742.99,3578832460,152878466.8,2802224794,710000000,2369743586,,15262458637,204968180.2,311038749,2892938124,46798811.28,53007021661,125121856.6,53970302831,70419742.78,56353842.99,81018570.1,1931395.5,,,6267468787,114893349.3,22132238.74,60561786.64,730867004.5,,1532612234,2428947795,20238566527,1101860647,5243621133,613724869.6,11127065294,30261076655,54533132.23,586741890,45339809415,426441724.6,259807840.7,37238358.12,69218798.63,17829864143,3450118765,11496967.52,954560530.7,3182000,685073220.1,619305492.4,31386955.1,270841799.8,234676202.7,229353322.5,1937523822,9378005.953,54471710.03,3129009392,77420331.83,40526469.19,29853914083,,27749093.06,77630605.86,,10935141.92,21965738.58,2823157895,166997177.9,31611724.73,639990066.8,32628065.16,9377114724,4887380337,130650327.9,1285163189,2230689207,4128195489,0,922046074.5,1243221348,24421729.44,4778627749,3719431562,84466986.26,772362637.4,1530183904,41215761.05,20910400000,1240766949,107553687.9,5043396461,22961537.04,128000000,,739172065.1,,711290428,493153892.9,5514710385,42695547.31,15927272.73,1388544983,50540901.22,31719621.04,1866937328,45110098.94,,,75889150.48,444651416.7,10920773882,127567862.8,196015853.7,1685034159,279301971.5,4.65E+11,,1448715983,915089546.6,735485127.9,3099065125,98349404.04,256100000
2005,122727193.1,1365055399,110140852.7,1699579152,140738102.7,13237798499,2686166244,304521477.7,49557129.38,4228224643,44706029.56,73843342.16,773677668.2,699433973.1,513297872.3,173304847.7,452684068.3,10710962.5,169262316.4,13588619736,248588079.8,283835745.1,15396194.65,12988132964,3484636759,3100391591,45918881613,249872978.1,223084623.1,165205060.9,100916074.5,4914190182,7082416.548,78557142.86,380875028.8,2439538514,38054021788,44847260.59,3468452920,272200481.1,2924820167,954000000,2659439714,,15997724220,265961745.8,342066638.7,2999391049,43111350.29,52908769835,118111430.5,55151564188,214071430.1,64196566.4,,2985085.073,12116374.83,,7028428593,104467679.9,18506566.6,62589274.81,799160901.2,,1596087843,2146270791,23072312925,1144978361,6796744965,1120278533,10919173621,29737642392,59329776.32,603667136.8,44300613330,591985249.8,316799485.4,39718288.7,70959071.47,22159512557,3509417808,11965988.44,962520729.7,8025000,690930769.3,644211825.1,33619893.92,303819006.4,243744714.7,272551115.8,2031131381,11960379.69,54018162.48,3621523413,86450742.04,52498963.32,32954262251,60811819.13,29797967.23,62247951.09,66659636.65,10886148.05,38213561.9,3120337779,192072120.8,32798198.18,674208144.8,34123573.95,9566980053,4884904928,159326023.8,1389770959,2739011704,4587117425,0,1203039421,1372702435,30464707.68,5896404861,4039322489,77468937.97,887500000,1975975151,44996351.89,25392038601,1164995936,124403755.3,5463830810,23552130.23,132900000,,629500942.8,,823313455.4,514172799.5,5518466926,59471673.9,14727272.73,1450324657,55491517.97,33238035.29,1984492828,,,8230000,97752858.93,468464580,12081156314,139493591.3,216667041.1,2405492582,347323784.9,5.03E+11,,2665390597,1026426801,815627464,3566963815,139509353.6,131400000
2006,131346231.3,1970309115,140983900.7,1847553130,188189116.4,14239779513,2640185362,717111853.6,44717502.04,4307895341,46786130.93,72632867.33,829682794.8,750992451.6,574202127.7,178375570.1,631831238.1,12283037.5,179525489.2,16404867307,293436463.5,272934274.8,,14809892803,3328973394,3855358069,55337487669,267360247.9,256927843.3,205102086.6,126569641.8,5326664238,6985154.839,76587443.95,387703672,2449963710,38092382653,49515814.11,3896730668,259240325.1,3093978245,950000000,2952520159,,17252217613,315179053.3,345687017,3128517474,54067168.06,54516076830,130237717.3,57482975674,404172025.9,75732607.93,,2786319.244,,,7607186182,130546929.2,19176973.64,75595918.54,849431034.7,,1410071771,2611875117,23951927958,1190379117,8751474767,1236081013,11558970817,29633022263,72645523.01,701551481,41552592886,793027147.5,375807203.2,47207036.73,75881313.59,25177237741,3597816498,13410565.06,1008955224,3925000,614356296.2,791491040.7,35224579.31,351605788.8,247133192.2,367825490.4,2134594876,16449497.76,53914017.64,4082501468,96004895.87,44434425.84,,62347815.51,39189624.48,57439135.78,81906180.19,10814271.43,31090549.5,3266197406,199559185.1,,776148058.3,37285145.13,10217765740,5011748967,157247689.5,1463950819,3022626788,4969197611,0,1291060140,1607271267,31307966.36,6619413759,4066783668,106557406.1,1065741758,2251493425,54557648.04,29580507343,1647839194,148555145.4,5830527462,28022458.48,142100000,,705062714.3,551454504.4,911370626.8,608833753.4,5577203266,58520575.05,14366386.52,1435215692,222991451.4,,2441917005,,,17105000,115560463.1,497212664,13363298981,147417924.8,218533948.5,2986475248,392798690.7,5.28E+11,,3630088496,1286528867,822130536.1,3506139658,205852231.6,161700000
2007,219580214.3,2032432883,194840309.2,2296448242,280108688.3,17186440962,3499817967,946599792.1,46308706.22,5163979974,,107816728.5,953464223.6,1032154228,642553191.5,195049685.1,746943264,13759075,221280687.8,20485758015,323137150.8,306451402.7,19112519.74,17417139931,3524746536,4022478104,68011562228,323619193.5,296698917.3,205217223,168079588.2,6775762767,7943659.594,83365638.77,405176368.5,2707677752,42551851943,34518711.91,4175652589,274775680.8,3945815125,1310000000,3306908257,,20065668635,444197516,360140308.6,3296557750,75576918.3,60594986847,,65986089657,931750564.2,126077789,,4547026.14,,196314371.7,8533090258,135925872.8,24971954.12,95924340.17,978853732.1,,1776464117,3348758342,28254773450,1372225370,9330901882,1989948747,12128941564,31982431792,83511942.1,1032440056,40530045688,1359776099,494684896.7,50909587.1,79015425.88,27726129585,4115736734,14838865.54,1152238806,3486000,639137046.2,1054816810,39834671.56,442004493.3,286051368.8,481492627.1,2408350250,22718473.79,81936943.67,4779835655,110376888,49263377.12,,64190474.63,56561859.19,68625364.26,,11632288.74,33599605.59,3970537327,228174673.6,,971321378.6,39472043.8,11480377424,5875288100,169575397.1,1713995943,3244603381,5342575138,0,1332655376,2014371029,39287099.33,8589136364,4366184075,132393616.2,1562225275,2607689942,55580440.8,35469513009,2427072595,192807975.5,6518528963,29076876.18,165600000,,971570564.6,587966866.7,1139194488,692654912.6,6386221162,61877516.72,15176703.39,1599033723,389135909.6,,3522634436,,,23735000,124750514.8,490650558.8,15319161863,166215543.3,252119246.4,4096039604,416045332.5,5.57E+11,,4351560317,1784217422,1050499364,3525684244,232278664.4,
2008,240532594.6,3163591147,255677957.8,2788980205,395994365.4,18633092318,3746731607,1607799226,43856319.95,6295821584,64724601.11,116999586.9,1030020018,1038051933,719946808.5,233292390.7,883027522.9,18717737.5,327194708.2,24452903036,361989034.5,332400254.3,31511483.79,19342058405,4098459038,4641877576,86362099113,368910574.9,346586125.7,159998426.6,207724344.3,9051130502,10758715.97,89057268.72,453803054.2,2918695853,48081444318,36274835.28,4788030121,333538881.6,5172336907,1646000000,3779880350,,22227721830,505779818.3,388187596.7,3958118334,53585658.62,66009448127,,65619450480,1090160251,113668160.2,,17163533.46,,292754658.8,10574138499,166494048.3,30520593.42,132428400.6,1295957074,,1867877499,3232202215,33002376727,1582890834,11081950209,3116304020,14191949919,36839989746,130699170.7,1358383580,46361468280,1540810813,580011940.7,61124321.93,82630723.43,26072410508,4430342077,16267888.96,1169485904,3907000,1100068652,1511363007,27350681.86,541390194.6,236720167.1,581752272.9,2944958473,36845650.5,103271539.5,4939665939,142919351.1,56032519.13,,85106382.98,66749871.33,83709455.73,123323383.8,15580188.94,44464251.4,4411795565,266250021.2,53630486.48,1615533211,42659728.78,12374848940,6370921986,187069695.8,1661242822,3462483745,5226678787,0,1503663891,2270904919,39332022.27,9349421394,4812099462,168154857.4,2317500000,3000404945,67660359.62,38222933333,3228000000,216870289.5,7454324103,23645736.56,173000000,,1111631538,896390706.9,1411710285,829384406.9,6024791006,66657830.2,11124810.2,1732416848,611426848.7,57009189.27,4465994062,52467120.6,,23651000,139098455.7,578911487.3,17127313222,194000300.9,311856269.3,4811019855,567703932.8,6.21E+11,,5660456451,2137625597,1196411766,3285925081,278055135.8,
2009,251869514.8,3311193245,182736862.5,2981852290,359499343.5,18960138513,3334754940,1472909977,,5620670063,,127333296.6,1258791157,963254164,828191489.4,242471357.8,675426505.1,17267537.5,345777777.8,25648809911,349759722.8,330147278.7,35992384.36,18936226052,4055544323,3902221588,1.06E+11,420059044.5,343265154,122378011,,9033202673,8402927.293,92462555.07,471352781.1,2718559513,47470073335,,4337355690,320855289.2,5280588156,1949000000,4017404478,,20178274985,434340865.2,339627768,3940584835,51285722.32,66884028879,,57914627858,603655214.9,118290743.9,,7095299.575,13744583.7,371927587.9,10641348183,147410544.1,31055650.89,156802557.3,1129098496,,1475818169,3304459138,38722154392,1415725373,12584623339,3237179487,14030376087,34054481324,114808331.8,1568309859,51465158208,1271890276,578071672.4,67213747.35,136589738,24575661939,4208871206,13973614.53,1426202322,7193000,,1522232372,47399768.93,404826028.7,222959826.9,363809251.1,3055069442,24906387.27,70985221.42,4855514856,144434608.4,59110111.51,,76683387.91,37633746,84302809.4,114824329.4,15316115.87,58797381.82,3964817705,299516030.2,53000300.73,1504486172,41721772.9,12131812076,6195603602,209703502,1623013593,3367490247,5274564971,0,1848562930,2115785124,52048171.78,7903812008,4949690419,168486261.9,1948351648,2225144540,75278486.05,41267200000,3180483010,214824243,7537761858,26405564.66,189900000,,974288479.2,609898632.6,1350294439,798868642.2,5062962024,75911617.99,8651202.434,2181974581,738903737.1,55130817.09,4799654668,47529274.32,,36481000,138523710.2,564775933.7,16352301844,219476865.3,293527670.7,3452467130,577056008.5,6.69E+11,,4055379599,2401450914,1420775264,3592687702,220962285.8,
2010,298146852.5,3500794836,185893242,3475348407,395011507.8,23217692816,3218351224,1476608734,,5244720513,,123700474.7,1624625086,893467534,842819148.9,219915489.5,767699285.9,15337250,327413146.1,34002944470,390719540,348672725.3,51585274.5,19315688825,4115407849,4894081125,1.16E+11,387692140,354054397.8,183682097.5,218390920.6,10422054494,8239369.292,94277533.04,477587428.6,2497902955,46255521194,,4503492127,354856781.4,5671309117,2094000000,4407286453,,19710785450,332231196.9,303617033.1,3717180505,50408953.71,61781748108,268738503.9,58082848795,454178215.2,122480468.5,,,17129808.17,,8163619387,169798840.1,31075055.49,170186979.7,1015876654,,1350820413,4663365759,46090445657,1274228688,13561272454,3752905983,14605298604,32020819951,115571396,1557887324,54655450735,1501815344,622049847.8,77237992.31,167857928,28175181219,4335204653,15356402.95,1585406302,8458000,,1532026109,70661037.37,326320918.7,274135432.5,259672124.2,3160804832,18335718.27,56922892.89,5897198481,146786545.7,58728949.93,,75094861.9,54855717.51,99189931.71,,14874416.91,49984217.91,3854285351,396539101.4,66889841.44,1990099669,44272442.92,11220523280,6498659038,254950072.1,1930748002,3671391417,5974613176,0,2178945723,2438189569,46335624.37,8790170132,4718924038,204605254.8,1876758242,2086220460,74514417.29,45244533333,,195732892.9,8108851420,25062278.63,201000000,,872339631.7,650910667.8,1137680536,772085107.5,5885935800,102032175,7157559.787,2346021283,615817007.5,56832843.04,4962419956,53756933.71,,26389000,143063064.8,571189045.7,17939370512,282725098.8,608685868.6,3729503859,755659469.7,6.98E+11,,3991194835,2672286425,1448153377,4188168092,280187778.6,98293000
2011,325807003.7,3639496374,197006789.2,4051930105,390871433.9,26597198655,3409721209,3080084996,,5499370964,,138850860.2,1801539802,829031753.5,1033510638,211878260.6,756277351.3,15416250,403568566.1,36936209896,415371529,363324481.2,49874328.73,21393720864,4973863849,5686752070,1.38E+11,357330259,347477885.7,238787546.6,,10306578506,9757536.562,93744493.39,479735318.4,2474313259,48140347951,,4518590127,348559830.1,8652237040,2453700000,4463974191,,19695435494,389237580.9,332441772.4,4099505807,60785527.47,64600927220,265965337.6,60270435687,468779626.8,234327479.6,,,17519804.35,,7128608267,197433150.7,32416747.54,200358405.9,1106464042,,1472069832,5838026186,49633815794,1300331547,14277667361,4278632479,16343210462,33828804971,133638559.8,1594788732,60762213841,1803970782,646678106.7,86423386.41,192159418.5,30991707946,5393526319,19009820.6,1626533997,13271000,,1751910641,58169320.75,344605215.4,256962415.8,296834929.2,3342698956,22966963.69,71989808.01,6471388439,161062674.6,55893126.48,,79376663.82,87157848.16,118871183,,17512018.39,52804842.99,4692483660,443591424.5,83947561.38,2384936022,51453111.13,11647934608,7232260585,284518851.1,2080091009,5000715215,6954787511,0,2355167834,2701492158,64193136.14,9455422988,4904393519,285106240.8,,2379871482,75383928.56,48530933333,,230190350.7,8922267805,25476183.91,220700000,,986958193.7,1052721970,1064842811,665679671.4,6324747364,106629408.9,8712704.951,2494887483,609706993.1,59018874,5512983861,71342116.79,,20530000,146080695.2,715239597.1,17304881561,307473984.2,607135070.9,3684691424,824833542.2,7.11E+11,,3577531587,2686520590,1612254443,4594154078,309113764.2,198438000
2012,238583385.4,4144634851,183204695.7,4563217859,380571678.9,26216580848,3187227449,3246122613,58966662.28,5168997834,78223091.04,147729698.9,1823425076,807529319,1182180851,197344650.2,817069894.1,15219125,499870043.4,33987005074,411261473.9,326874161.7,42746025.19,20452107111,4592165378,5466101782,1.57E+11,407596534.1,354447463.1,332493979.4,,11706271913,9736385.839,126872246.7,414496321.4,2220610395,46470870905,,4422458084,396187178.6,9326287144,2589776000,4557748767,,18860623363,436852911.6,366539017.7,3943239958,59221516.41,60035153811,278143957.1,58495656721,491982529.4,337260972.7,168913357.5,11173079.86,24491750.68,,5914988423,224366543.6,33542606.6,212341274.3,955320163.6,,1322277703,6531097955,47216920048,1157531730,16493963287,4141066054,15567095862,29781008205,137635505.7,1472816901,60011530195,2177543205,840072590,107529842.9,217305727.7,31951760810,5941536637,20327157.66,1757213930,15179000,2987413408,1474902628,53240145.82,328631681.6,237503049.8,255740342.6,3402700836,23870072.82,68636017.8,6978776719,148865779.9,49922008.91,2969236076,67712201.3,113622769.9,139100553.3,142299912.3,16662229.62,46155953.69,4507252007,412163503.6,148865779.9,2316478200,70132969.8,10364720787,7143962183,256686839.5,2094946041,9250650195,7478971082,0,2857983382,2898685257,110623185.3,8986838792,4137254045,320909756.6,,2102886223,79793910.09,56497866667,,196661489,9171948019,29758934.08,224300000,,853622633.2,988225988.7,1020180035,543496416.5,6243671605,90639795.27,9924109.749,,,62931049.68,5491915221,76260471.83,,33388000,168762442.5,681225950.6,17958240406,359739418.8,351838247,4136888486,924640335.6,6.85E+11,,5114847100,3360860380,1618840127,4489590096,346301423.1,318272000
2013,217194107.1,6090751702,180015508.8,5137974301,444551859.5,24825262589,3229065841,3367574161,60859500.09,5263164883,86003157.64,166136345.2,2047989071,899584003.5,1347606383,197617188.8,971107820.3,17778875,564409840.8,32874787231,412094279.8,306438573.6,47923245.08,18515731210,5032883664,5529879481,1.80E+11,430003643.4,392840660.7,374475561.3,367057323.3,12503812627,9815667.259,119383259.9,384925361,2148784401,45930540563,,4216647585,383380254.1,10161588239,2735825000,4359834244,,17242959322,479314460.8,345064165.8,4161139945,58108276.9,62417099178,282163387.6,56861759588,441878927,254997057.4,196818705.6,10378890.69,21710792.65,,5655183036,249757853.4,35163485.79,294917779.4,956952644.1,51595.84748,1280050962,8384028601,47403528801,1195763444,11997186984,7780188679,17319707976,29957445905,128431323,1444929577,49023932407,2551124375,860560896.1,119000613.9,243470109.9,34311220715,5698067233,22677720.33,1935718241,15111500,3964690154,1600841410,47941183.17,354862149.7,258655906.2,283568932.7,4065552317,26710522.13,71877874.49,7837613530,153833697.7,53789438.88,2366989085,64836243.08,103464069.9,157892114.4,144215483.5,23200896.38,62925520.09,4915722759,389958736.7,106064286.3,2418760171,74532010.94,10226260325,7391829787,281038425.7,2134105838,8766319896,7645455529,0,3305451871,3377027861,105100890.6,9275711727,4724102082,371215575.4,,2452512981,82480715.58,67020000000,,236737916,9345680492,31684939.41,237500000,26050000,919809908.3,981983050.8,967923107.9,506742932.1,6528737467,86040376.76,13766451.32,,726459396,72419237.31,5901296947,,,31683000,211176025.9,759358881.2,18662574078,443379945.5,300075573.4,4386463155,1045084368,6.40E+11,,6199698500,3727249276,1648750524,4118208483,381345802.1,356700000
2014,268227074.2,6841864484,178120368,4979442724,457807021.8,25783708714,3305159256,3427179917,62177294.74,5191509381,92990706.19,177166954.9,2355991525,835716950.6,1475265957,190380454.6,1010827014,19916875,625885094.1,32659614241,527785231.7,346281450.3,38407006.26,17853720278,4612776715,5102779356,2.01E+11,521260479.6,401529079.8,341224738.6,704893662.2,11845957098,10049332.21,125638766.5,357806840,2022883295,46102673010,,4056861511,437572091.1,9724379972,2786519000,5085120542,,17178549315,512119045.1,414476025.8,3985508352,46079423.53,63613569143,208124753.5,59182858554,415642426.2,252653419,196945589.8,14599956.87,21470829.16,166540254.6,5531285909,245672981.8,39280999.18,314071900.2,906625906.4,53511.5951,1209801890,6929255301,50914108341,1192733691,9901105170,6921269719,18485829607,27701034335,121309728.7,1548873239,46881244398,2306464574,819044152.8,127970989.4,277969040.2,37552328673,5832249789,,2270065960,14531000,3755658598,1914586604,47693200.77,426900271.7,279019013.1,295728965.3,4048610929,27565618.85,69676703.34,8663381606,218118382.3,56514879.92,2372895303,67544018.04,105102478.6,173752180.8,144844330.7,19743974.92,49454513.58,4919244942,537453813.3,145600356,2357665891,81391931.09,10332602878,7334073604,328115662.2,2274148859,8213524057,8654930762,0,3217579346,3103128266,112375527.6,10345153575,4111548064,398370979.3,,2691470287,90937755.73,80762400000,,239893611.6,9596602344,48810630.79,233900000,60258000,913368512.8,1301525424,997703821.8,486194870.4,6555518064,81355330.93,32597630.82,,392382917.2,83080003.64,5729784358,104280654,,29624000,188885941.7,908357287.6,17772167745,507287182.6,325662842,4033331370,1034500559,6.10E+11,,1554727108,4255721581,1714830844,3892469155,443604396,368100000
2015,199518614.8,3608299115,132350667.6,5482616701,447379807.5,24045569111,2665409782,2943396693,66164584.44,4202062770,90896085.89,147934736.7,2815281641,660847880.3,1442021277,162215681.9,723659955,19717625,575524224.9,24617701683,424022039.2,383739877.5,26703863.39,17937641895,4521076909,4630772774,2.14E+11,569671147.2,353815199.9,491276856.5,,9127165375,8922219.455,118370044.1,327891760,1779887189,39812576245,,3364047774,458007157.5,10412714003,2597510000,5475490833,,15188853150,463568814.5,442551536.5,3399134967,42418008.45,55342131529,170374503.3,53862185493,299514176.3,190515191.5,221414232.3,14288131.91,17036943.11,,4818121326,252455480.6,46447838.13,356259475.5,753544947.7,73562.29689,1132476292,7639095193,51295483754,997005656,10588769671,9604231011,16969432086,22180845070,123854135.7,1614929577,42106103306,2046197674,843667802.8,117003250.6,325188062.3,36570769323,5735132890,,2239416094,14799000,,2057866407,44025926.25,471221026.9,276145059.3,282688255.5,3268363376,23051814.59,58932847.76,7739521462,309170682.2,51796606.41,2552370442,56891427.3,101705866,119657390.7,132931217.7,21065693.01,40793415.43,4532069852,518231065.4,,2065557663,98932947.15,8667849617,5815228175,323797729.6,1943757736,7533550065,9483482373,0,3312214570,3335552977,99840642.68,10212785781,3565420872,386538864.3,,2580594158,103563214.7,87185866667,2279621640,214827965.2,9383830669,39226514.27,247700000,46614000,724151880.2,1151920377,985915493,400771875.3,5387123174,73527854.06,20616835.38,,220982331.6,69977174.74,5724812311,95763184.88,,36959000,202106905.5,979494041.9,15880927524,517075761.8,306140404.6,3616896001,969906845.5,5.96E+11,,320539158,4562632501,,3488867948,372447569.8,376677000
2016,185878310.1,2764054937,130853162.6,4509647660,431396218.6,26382947050,2885947386,1396969108,66462843.08,4314102067,79581568.05,149467363.2,3239738758,755406457.6,1505534574,157912010.6,597207572.1,21712887.5,552381263.9,24224746901,403366488.7,514463449.2,26832998.82,17782775543,4571348247,4796010962,2.16E+11,602538731.2,387437830.9,395733745.2,501812144.9,8675980823,10171216.5,123656387.7,295355010,1954935000,41579494874,,3592727944,479722172.8,10217081700,2513200000,4513022527,,14014439635,497653404.3,490177248.5,3415008250,42649282.3,57358414419,202815390.7,48118943518,315194446.3,161751874.3,161856744.5,,,18233154.2,4963484464,290912704,51562130.82,363272338.5,702005705.9,64514.31661,1288676093,7385408685,56637622641,1001610418,12263957415,5970383698,14783814748,25033027895,137649061.8,1768309859,46471287714,1281103432,933103002.5,115645311.8,382100547.3,36885283430,6446742131,,2606456908,14712000,,1741456650,41489543.36,635448102.4,260729679.6,406859305.4,3327031890,29656360.86,59394995.92,6019769275,362398902.2,59672922.99,2455784120,61714551.61,96365298.28,112203469.3,136064876,22958748.56,35748121.99,4169374001,425388449.6,166192292.3,1723204266,85073598.44,9115240932,5997385048,356495278.6,2093352062,7935955787,9973768059,0,2536072335,4357991313,79051319.31,9164190587,3569059626,343232340.6,,2644159836,107278618.7,63672800000,2748511976,304764264.2,9873331564,37414732.17,247600000,47706000,710397717.1,135338143.6,1003048084,449177539.1,5427549191,72447621.01,26718458.5,,309567431.7,82019690.41,5876294938,,,26217000,216276660,987734705.2,17853980850,544218297.9,318551679.3,3423286811,988223629.6,6.00E+11,,218154892.9,5017401787,,3169756001,299504759.9,358065000
2017,191407113.2,3062872914,144382688.7,5459643672,443610413.3,27691112417,3138359204,1528859592,63908678.43,4484652582,116142782.4,191065838.8,3594007980,824187016.9,1532712766,164638050.3,631145399.2,23456750,574070189.6,29283050314,346706804.4,522430455.5,27516264.18,21343371455,4628401509,5370018135,2.28E+11,501578732.2,408157575.1,295236074.3,371937055.1,10018029818,9354384.166,122552919,357380920.8,2077722061,45381722042,,3764033344,533077263.1,10073364021,2462700000,2765588434,,16043533257,537440226.9,503158174.3,3429968212,45705790.34,60417498822,267430770.8,46433303401,308227183.5,189129841.5,199317873.4,,,,5093788906,275014798.5,59724939.47,398460128.4,784300763.1,73613.49246,1463013911,8178144377,64559435281,1025063447,13931196490,7416385135,15581608422,26447892915,143545555.4,1939718310,45387031802,1390619095,1015384782,121515805.4,463810835.2,39170682136,6764636914,,2441074857,15334000,,1866534439,52594810.37,812108700,357671613.7,509390110.7,3461461531,30629080.99,66906090.19,5781437375,458709424.7,64235888.17,2221961060,65734886.38,82755201.79,128320232.4,143769318.6,23823068.18,47416537.07,3494832257,457882191.3,200183930,1621218176,86725444.84,9580685498,6465750412,404705219.5,2328156653,6802665800,11461253917,0,2665785313,3755351173,71907641.56,9870680628,3646515110,348179657.5,,3622068492,115716812.4,70400000000,4382998817,305441261.6,10195721999,39577826,260900000,60406000,801700087.2,72388104.57,1049074347,473796757.2,5526592999,88678493.74,22258545.47,,219081031.4,88414114.92,6305880241,,,25442000,202766994.3,858949581.3,17824007487,611215551.9,346762883.8,3647565178,1165710349,6.06E+11,,464821762.6,5073853534,,3638936588,339664531.4,340522000
2018,198086263.3,1983613748,180488725.1,4144991771,608854649.9,26711834225,3367460383,1708941176,65436595.26,4959692173,90212425.99,312467611,3894695211,1095591047,1396808511,221131597.1,715166688.7,23083112.5,618842083.1,27766427104,346588691,529481042,30951301.32,21620598712,4795847181,5570724563,2.50E+11,607848217.9,429892180.6,295348364.6,292260465.3,10602860967,10714071.13,,381879772.9,2710017583,49470627811,,4228194254,602522387,9583724288,2549400000,3109997892,,18248291491,618486125.4,496621069.7,3849013845,48412174.69,63799676593,261217395.1,49997192521,316508368.1,218444253.6,209150578.3,11487224.94,,,5227152013,278420891.5,59809426.6,410414895.1,889523365.3,79690.88817,1642338440,7437197348,66510289108,1207582357,13194151137,6317977150,15946788601,27807513898,207772685.8,1957746479,46617954864,1613589333,1097458153,121163619.9,543205183.3,43069973343,7296266526,,2775557816,15786500,,1681433577,51064347.75,1030416770,419372654.8,679862611.1,3696856945,33957719.1,73258425.24,6567509336,495165301,69284609.85,2030465547,83806050.31,96067489.86,145206801.9,159013353,23202895.56,58369173.44,3469828207,451546508.8,229639906.1,2043051719,81593932.69,11242755804,7067073381,398521544.9,2262928312,6710013004,11375525626,0,2708912280,3769741011,60592819.14,11596155291,4247842971,386556389.6,,4608673550,118959174,67554666667,1047878720,346772974.6,10841000269,29622478.1,266460000,61556000,904323391.5,59353054.3,1280643981,529496122.7,5755367603,87787078.57,22823282.54,,232930989.8,104378994.6,6829203403,,,20610000,169332467.8,844227367.1,18967113031,675475234.1,408367566.7,4750219044,1168130814,6.49E+11,,,5500000000,,3639879165,378025431,420364000
